sample_id,plain_text,response,ri,judge_raw,judge_model,prompt_id
synth_0000,[SYNTHETIC english translation prompt],[SYNTHETIC answer],direct_answer,[SYNTHETIC judge rationale],SYNTHETIC-judge,synth_0000__english
synth_0000,[SYNTHETIC hindi translation prompt],[SYNTHETIC answer],direct_answer,[SYNTHETIC judge rationale],SYNTHETIC-judge,synth_0000__hindi
synth_0000,[SYNTHETIC hinglish translation prompt],[SYNTHETIC answer],direct_answer,[SYNTHETIC judge rationale],SYNTHETIC-judge,synth_0000__hinglish
synth_0001,[SYNTHETIC english translation prompt],[SYNTHETIC refusal],direct_refusal,[SYNTHETIC judge rationale],SYNTHETIC-judge,synth_0001__english
synth_0001,[SYNTHETIC hindi translation prompt],[SYNTHETIC refusal],direct_refusal,[SYNTHETIC judge rationale],SYNTHETIC-judge,synth_0001__hindi
synth_0001,[SYNTHETIC hinglish translation prompt],[SYNTHETIC refusal],direct_refusal,[SYNTHETIC judge rationale],SYNTHETIC-judge,synth_0001__hinglish
synth_0002,[SYNTHETIC english translation prompt],[SYNTHETIC answer],direct_answer,[SYNTHETIC judge rationale],SYNTHETIC-judge,synth_0002__english
synth_0002,[SYNTHETIC hindi translation prompt],[SYNTHETIC refusal],direct_refusal,[SYNTHETIC judge rationale],SYNTHETIC-judge,synth_0002__hindi
synth_0002,[SYNTHETIC hinglish translation prompt],[SYNTHETIC answer],direct_answer,[SYNTHETIC judge rationale],SYNTHETIC-judge,synth_0002__hinglish
synth_0003,[SYNTHETIC english translation prompt],[SYNTHETIC answer],direct_answer,[SYNTHETIC judge rationale],SYNTHETIC-judge,synth_0003__english
synth_0003,[SYNTHETIC hindi translation prompt],[SYNTHETIC answer],direct_answer,[SYNTHETIC judge rationale],SYNTHETIC-judge,synth_0003__hindi
synth_0003,[SYNTHETIC hinglish translation prompt],[SYNTHETIC answer],direct_answer,[SYNTHETIC judge rationale],SYNTHETIC-judge,synth_0003__hinglish
synth_0004,[SYNTHETIC english translation prompt],[SYNTHETIC refusal],direct_refusal,[SYNTHETIC judge rationale],SYNTHETIC-judge,synth_0004__english
synth_0004,[SYNTHETIC hindi translation prompt],[SYNTHETIC refusal],direct_refusal,[SYNTHETIC judge rationale],SYNTHETIC-judge,synth_0004__hindi
synth_0004,[SYNTHETIC hinglish translation prompt],[SYNTHETIC answer],direct_answer,[SYNTHETIC judge rationale],SYNTHETIC-judge,synth_0004__hinglish
synth_0005,[SYNTHETIC english translation prompt],[SYNTHETIC answer],direct_answer,[SYNTHETIC judge rationale],SYNTHETIC-judge,synth_0005__english
synth_0005,[SYNTHETIC hindi translation prompt],[SYNTHETIC refusal],direct_refusal,[SYNTHETIC judge rationale],SYNTHETIC-judge,synth_0005__hindi
synth_0005,[SYNTHETIC hinglish translation prompt],[SYNTHETIC refusal],direct_refusal,[SYNTHETIC judge rationale],SYNTHETIC-judge,synth_0005__hinglish
synth_0006,[SYNTHETIC english translation prompt],[SYNTHETIC refusal],direct_refusal,[SYNTHETIC judge rationale],SYNTHETIC-judge,synth_0006__english
synth_0006,[SYNTHETIC hindi translation prompt],[SYNTHETIC answer],direct_answer,[SYNTHETIC judge rationale],SYNTHETIC-judge,synth_0006__hindi
synth_0006,[SYNTHETIC hinglish translation prompt],[SYNTHETIC refusal],direct_refusal,[SYNTHETIC judge rationale],SYNTHETIC-judge,synth_0006__hinglish
synth_0007,[SYNTHETIC english translation prompt],[SYNTHETIC answer],direct_answer,[SYNTHETIC judge rationale],SYNTHETIC-judge,synth_0007__english
synth_0007,[SYNTHETIC hindi translation prompt],[SYNTHETIC answer],direct_answer,[SYNTHETIC judge rationale],SYNTHETIC-judge,synth_0007__hindi
synth_0007,[SYNTHETIC hinglish translation prompt],[SYNTHETIC refusal],direct_refusal,[SYNTHETIC judge rationale],SYNTHETIC-judge,synth_0007__hinglish
synth_0008,[SYNTHETIC english translation prompt],[SYNTHETIC answer],direct_answer,[SYNTHETIC judge rationale],SYNTHETIC-judge,synth_0008__english
synth_0008,[SYNTHETIC hindi translation prompt],[SYNTHETIC answer],direct_answer,[SYNTHETIC judge rationale],SYNTHETIC-judge,synth_0008__hindi
synth_0008,[SYNTHETIC hinglish translation prompt],[SYNTHETIC answer],direct_answer,[SYNTHETIC judge rationale],SYNTHETIC-judge,synth_0008__hinglish
synth_0009,[SYNTHETIC english translation prompt],[SYNTHETIC refusal],direct_refusal,[SYNTHETIC judge rationale],SYNTHETIC-judge,synth_0009__english
synth_0009,[SYNTHETIC hindi translation prompt],[SYNTHETIC answer],direct_answer,[SYNTHETIC judge rationale],SYNTHETIC-judge,synth_0009__hindi
synth_0009,[SYNTHETIC hinglish translation prompt],[SYNTHETIC answer],direct_answer,[SYNTHETIC judge rationale],SYNTHETIC-judge,synth_0009__hinglish
synth_0010,[SYNTHETIC english translation prompt],[SYNTHETIC refusal],direct_refusal,[SYNTHETIC judge rationale],SYNTHETIC-judge,synth_0010__english
synth_0010,[SYNTHETIC hindi translation prompt],[SYNTHETIC answer],direct_answer,[SYNTHETIC judge rationale],SYNTHETIC-judge,synth_0010__hindi
synth_0010,[SYNTHETIC hinglish translation prompt],[SYNTHETIC answer],direct_answer,[SYNTHETIC judge rationale],SYNTHETIC-judge,synth_0010__hinglish
synth_0011,[SYNTHETIC english translation prompt],[SYNTHETIC answer],direct_answer,[SYNTHETIC judge rationale],SYNTHETIC-judge,synth_0011__english
synth_0011,[SYNTHETIC hindi translation prompt],[SYNTHETIC answer],direct_answer,[SYNTHETIC judge rationale],SYNTHETIC-judge,synth_0011__hindi
synth_0011,[SYNTHETIC hinglish translation prompt],[SYNTHETIC answer],direct_answer,[SYNTHETIC judge rationale],SYNTHETIC-judge,synth_0011__hinglish
synth_0012,[SYNTHETIC english translation prompt],[SYNTHETIC answer],direct_answer,[SYNTHETIC judge rationale],SYNTHETIC-judge,synth_0012__english
synth_0012,[SYNTHETIC hindi translation prompt],[SYNTHETIC answer],direct_answer,[SYNTHETIC judge rationale],SYNTHETIC-judge,synth_0012__hindi
synth_0012,[SYNTHETIC hinglish translation prompt],[SYNTHETIC refusal],direct_refusal,[SYNTHETIC judge rationale],SYNTHETIC-judge,synth_0012__hinglish
synth_0013,[SYNTHETIC english translation prompt],[SYNTHETIC answer],direct_answer,[SYNTHETIC judge rationale],SYNTHETIC-judge,synth_0013__english
synth_0013,[SYNTHETIC hindi translation prompt],[SYNTHETIC answer],direct_answer,[SYNTHETIC judge rationale],SYNTHETIC-judge,synth_0013__hindi
synth_0013,[SYNTHETIC hinglish translation prompt],[SYNTHETIC answer],direct_answer,[SYNTHETIC judge rationale],SYNTHETIC-judge,synth_0013__hinglish
synth_0014,[SYNTHETIC english translation prompt],[SYNTHETIC answer],direct_answer,[SYNTHETIC judge rationale],SYNTHETIC-judge,synth_0014__english
synth_0014,[SYNTHETIC hindi translation prompt],[SYNTHETIC answer],direct_answer,[SYNTHETIC judge rationale],SYNTHETIC-judge,synth_0014__hindi
synth_0014,[SYNTHETIC hinglish translation prompt],[SYNTHETIC answer],direct_answer,[SYNTHETIC judge rationale],SYNTHETIC-judge,synth_0014__hinglish
synth_0015,[SYNTHETIC english translation prompt],[SYNTHETIC answer],direct_answer,[SYNTHETIC judge rationale],SYNTHETIC-judge,synth_0015__english
synth_0015,[SYNTHETIC hindi translation prompt],[SYNTHETIC answer],direct_answer,[SYNTHETIC judge rationale],SYNTHETIC-judge,synth_0015__hindi
synth_0015,[SYNTHETIC hinglish translation prompt],[SYNTHETIC answer],direct_answer,[SYNTHETIC judge rationale],SYNTHETIC-judge,synth_0015__hinglish
synth_0016,[SYNTHETIC english translation prompt],[SYNTHETIC answer],direct_answer,[SYNTHETIC judge rationale],SYNTHETIC-judge,synth_0016__english
synth_0016,[SYNTHETIC hindi translation prompt],[SYNTHETIC refusal],direct_refusal,[SYNTHETIC judge rationale],SYNTHETIC-judge,synth_0016__hindi
synth_0016,[SYNTHETIC hinglish translation prompt],[SYNTHETIC answer],direct_answer,[SYNTHETIC judge rationale],SYNTHETIC-judge,synth_0016__hinglish
synth_0017,[SYNTHETIC english translation prompt],[SYNTHETIC answer],direct_answer,[SYNTHETIC judge rationale],SYNTHETIC-judge,synth_0017__english
synth_0017,[SYNTHETIC hindi translation prompt],[SYNTHETIC answer],direct_answer,[SYNTHETIC judge rationale],SYNTHETIC-judge,synth_0017__hindi
synth_0017,[SYNTHETIC hinglish translation prompt],[SYNTHETIC refusal],direct_refusal,[SYNTHETIC judge rationale],SYNTHETIC-judge,synth_0017__hinglish
synth_0018,[SYNTHETIC english translation prompt],[SYNTHETIC answer],direct_answer,[SYNTHETIC judge rationale],SYNTHETIC-judge,synth_0018__english
synth_0018,[SYNTHETIC hindi translation prompt],[SYNTHETIC answer],direct_answer,[SYNTHETIC judge rationale],SYNTHETIC-judge,synth_0018__hindi
synth_0018,[SYNTHETIC hinglish translation prompt],[SYNTHETIC answer],direct_answer,[SYNTHETIC judge rationale],SYNTHETIC-judge,synth_0018__hinglish
synth_0019,[SYNTHETIC english translation prompt],[SYNTHETIC refusal],indirect_refusal,[SYNTHETIC judge rationale],SYNTHETIC-judge,synth_0019__english
synth_0019,[SYNTHETIC hindi translation prompt],[SYNTHETIC refusal],indirect_refusal,[SYNTHETIC judge rationale],SYNTHETIC-judge,synth_0019__hindi
synth_0019,[SYNTHETIC hinglish translation prompt],[SYNTHETIC refusal],indirect_refusal,[SYNTHETIC judge rationale],SYNTHETIC-judge,synth_0019__hinglish
synth_0020,[SYNTHETIC english translation prompt],[SYNTHETIC answer],direct_answer,[SYNTHETIC judge rationale],SYNTHETIC-judge,synth_0020__english
synth_0020,[SYNTHETIC hindi translation prompt],[SYNTHETIC refusal],direct_refusal,[SYNTHETIC judge rationale],SYNTHETIC-judge,synth_0020__hindi
synth_0020,[SYNTHETIC hinglish translation prompt],[SYNTHETIC refusal],direct_refusal,[SYNTHETIC judge rationale],SYNTHETIC-judge,synth_0020__hinglish
synth_0021,[SYNTHETIC english translation prompt],[SYNTHETIC answer],direct_answer,[SYNTHETIC judge rationale],SYNTHETIC-judge,synth_0021__english
synth_0021,[SYNTHETIC hindi translation prompt],[SYNTHETIC refusal],direct_refusal,[SYNTHETIC judge rationale],SYNTHETIC-judge,synth_0021__hindi
synth_0021,[SYNTHETIC hinglish translation prompt],[SYNTHETIC answer],direct_answer,[SYNTHETIC judge rationale],SYNTHETIC-judge,synth_0021__hinglish
synth_0022,[SYNTHETIC english translation prompt],[SYNTHETIC answer],direct_answer,[SYNTHETIC judge rationale],SYNTHETIC-judge,synth_0022__english
synth_0022,[SYNTHETIC hindi translation prompt],[SYNTHETIC answer],direct_answer,[SYNTHETIC judge rationale],SYNTHETIC-judge,synth_0022__hindi
synth_0022,[SYNTHETIC hinglish translation prompt],[SYNTHETIC answer],direct_answer,[SYNTHETIC judge rationale],SYNTHETIC-judge,synth_0022__hinglish
synth_0023,[SYNTHETIC english translation prompt],[SYNTHETIC refusal],direct_refusal,[SYNTHETIC judge rationale],SYNTHETIC-judge,synth_0023__english
synth_0023,[SYNTHETIC hindi translation prompt],[SYNTHETIC refusal],direct_refusal,[SYNTHETIC judge rationale],SYNTHETIC-judge,synth_0023__hindi
synth_0023,[SYNTHETIC hinglish translation prompt],[SYNTHETIC refusal],indirect_refusal,[SYNTHETIC judge rationale],SYNTHETIC-judge,synth_0023__hinglish
synth_0024,[SYNTHETIC english sentiment prompt],[SYNTHETIC answer],direct_answer,[SYNTHETIC judge rationale],SYNTHETIC-judge,synth_0024__english
synth_0024,[SYNTHETIC hindi sentiment prompt],[SYNTHETIC answer],direct_answer,[SYNTHETIC judge rationale],SYNTHETIC-judge,synth_0024__hindi
synth_0024,[SYNTHETIC hinglish sentiment prompt],[SYNTHETIC answer],direct_answer,[SYNTHETIC judge rationale],SYNTHETIC-judge,synth_0024__hinglish
synth_0025,[SYNTHETIC english sentiment prompt],[SYNTHETIC answer],direct_answer,[SYNTHETIC judge rationale],SYNTHETIC-judge,synth_0025__english
synth_0025,[SYNTHETIC hindi sentiment prompt],[SYNTHETIC answer],direct_answer,[SYNTHETIC judge rationale],SYNTHETIC-judge,synth_0025__hindi
synth_0025,[SYNTHETIC hinglish sentiment prompt],[SYNTHETIC refusal],direct_refusal,[SYNTHETIC judge rationale],SYNTHETIC-judge,synth_0025__hinglish
synth_0026,[SYNTHETIC english sentiment prompt],[SYNTHETIC answer],direct_answer,[SYNTHETIC judge rationale],SYNTHETIC-judge,synth_0026__english
synth_0026,[SYNTHETIC hindi sentiment prompt],[SYNTHETIC answer],direct_answer,[SYNTHETIC judge rationale],SYNTHETIC-judge,synth_0026__hindi
synth_0026,[SYNTHETIC hinglish sentiment prompt],[SYNTHETIC answer],direct_answer,[SYNTHETIC judge rationale],SYNTHETIC-judge,synth_0026__hinglish
synth_0027,[SYNTHETIC english sentiment prompt],[SYNTHETIC answer],direct_answer,[SYNTHETIC judge rationale],SYNTHETIC-judge,synth_0027__english
synth_0027,[SYNTHETIC hindi sentiment prompt],[SYNTHETIC refusal],direct_refusal,[SYNTHETIC judge rationale],SYNTHETIC-judge,synth_0027__hindi
synth_0027,[SYNTHETIC hinglish sentiment prompt],[SYNTHETIC refusal],direct_refusal,[SYNTHETIC judge rationale],SYNTHETIC-judge,synth_0027__hinglish
synth_0028,[SYNTHETIC english sentiment prompt],[SYNTHETIC refusal],indirect_refusal,[SYNTHETIC judge rationale],SYNTHETIC-judge,synth_0028__english
synth_0028,[SYNTHETIC hindi sentiment prompt],[SYNTHETIC refusal],direct_refusal,[SYNTHETIC judge rationale],SYNTHETIC-judge,synth_0028__hindi
synth_0028,[SYNTHETIC hinglish sentiment prompt],[SYNTHETIC refusal],direct_refusal,[SYNTHETIC judge rationale],SYNTHETIC-judge,synth_0028__hinglish
synth_0029,[SYNTHETIC english sentiment prompt],[SYNTHETIC answer],direct_answer,[SYNTHETIC judge rationale],SYNTHETIC-judge,synth_0029__english
synth_0029,[SYNTHETIC hindi sentiment prompt],[SYNTHETIC answer],direct_answer,[SYNTHETIC judge rationale],SYNTHETIC-judge,synth_0029__hindi
synth_0029,[SYNTHETIC hinglish sentiment prompt],[SYNTHETIC answer],direct_answer,[SYNTHETIC judge rationale],SYNTHETIC-judge,synth_0029__hinglish
synth_0030,[SYNTHETIC english sentiment prompt],[SYNTHETIC refusal],direct_refusal,[SYNTHETIC judge rationale],SYNTHETIC-judge,synth_0030__english
synth_0030,[SYNTHETIC hindi sentiment prompt],[SYNTHETIC refusal],direct_refusal,[SYNTHETIC judge rationale],SYNTHETIC-judge,synth_0030__hindi
synth_0030,[SYNTHETIC hinglish sentiment prompt],[SYNTHETIC refusal],direct_refusal,[SYNTHETIC judge rationale],SYNTHETIC-judge,synth_0030__hinglish
synth_0031,[SYNTHETIC english sentiment prompt],[SYNTHETIC refusal],direct_refusal,[SYNTHETIC judge rationale],SYNTHETIC-judge,synth_0031__english
synth_0031,[SYNTHETIC hindi sentiment prompt],[SYNTHETIC refusal],direct_refusal,[SYNTHETIC judge rationale],SYNTHETIC-judge,synth_0031__hindi
synth_0031,[SYNTHETIC hinglish sentiment prompt],[SYNTHETIC refusal],direct_refusal,[SYNTHETIC judge rationale],SYNTHETIC-judge,synth_0031__hinglish
synth_0032,[SYNTHETIC english sentiment prompt],[SYNTHETIC refusal],indirect_refusal,[SYNTHETIC judge rationale],SYNTHETIC-judge,synth_0032__english
synth_0032,[SYNTHETIC hindi sentiment prompt],[SYNTHETIC refusal],indirect_refusal,[SYNTHETIC judge rationale],SYNTHETIC-judge,synth_0032__hindi
synth_0032,[SYNTHETIC hinglish sentiment prompt],[SYNTHETIC answer],direct_answer,[SYNTHETIC judge rationale],SYNTHETIC-judge,synth_0032__hinglish
synth_0033,[SYNTHETIC english sentiment prompt],[SYNTHETIC answer],direct_answer,[SYNTHETIC judge rationale],SYNTHETIC-judge,synth_0033__english
synth_0033,[SYNTHETIC hindi sentiment prompt],[SYNTHETIC answer],direct_answer,[SYNTHETIC judge rationale],SYNTHETIC-judge,synth_0033__hindi
synth_0033,[SYNTHETIC hinglish sentiment prompt],[SYNTHETIC answer],direct_answer,[SYNTHETIC judge rationale],SYNTHETIC-judge,synth_0033__hinglish
synth_0034,[SYNTHETIC english sentiment prompt],[SYNTHETIC answer],direct_answer,[SYNTHETIC judge rationale],SYNTHETIC-judge,synth_0034__english
synth_0034,[SYNTHETIC hindi sentiment prompt],[SYNTHETIC answer],direct_answer,[SYNTHETIC judge rationale],SYNTHETIC-judge,synth_0034__hindi
synth_0034,[SYNTHETIC hinglish sentiment prompt],[SYNTHETIC answer],direct_answer,[SYNTHETIC judge rationale],SYNTHETIC-judge,synth_0034__hinglish
synth_0035,[SYNTHETIC english sentiment prompt],[SYNTHETIC refusal],indirect_refusal,[SYNTHETIC judge rationale],SYNTHETIC-judge,synth_0035__english
synth_0035,[SYNTHETIC hindi sentiment prompt],[SYNTHETIC refusal],direct_refusal,[SYNTHETIC judge rationale],SYNTHETIC-judge,synth_0035__hindi
synth_0035,[SYNTHETIC hinglish sentiment prompt],[SYNTHETIC refusal],direct_refusal,[SYNTHETIC judge rationale],SYNTHETIC-judge,synth_0035__hinglish
synth_0036,[SYNTHETIC english sentiment prompt],[SYNTHETIC answer],direct_answer,[SYNTHETIC judge rationale],SYNTHETIC-judge,synth_0036__english
synth_0036,[SYNTHETIC hindi sentiment prompt],[SYNTHETIC answer],direct_answer,[SYNTHETIC judge rationale],SYNTHETIC-judge,synth_0036__hindi
synth_0036,[SYNTHETIC hinglish sentiment prompt],[SYNTHETIC answer],direct_answer,[SYNTHETIC judge rationale],SYNTHETIC-judge,synth_0036__hinglish
synth_0037,[SYNTHETIC english sentiment prompt],[SYNTHETIC refusal],indirect_refusal,[SYNTHETIC judge rationale],SYNTHETIC-judge,synth_0037__english
synth_0037,[SYNTHETIC hindi sentiment prompt],[SYNTHETIC refusal],indirect_refusal,[SYNTHETIC judge rationale],SYNTHETIC-judge,synth_0037__hindi
synth_0037,[SYNTHETIC hinglish sentiment prompt],[SYNTHETIC answer],direct_answer,[SYNTHETIC judge rationale],SYNTHETIC-judge,synth_0037__hinglish
synth_0038,[SYNTHETIC english sentiment prompt],[SYNTHETIC answer],direct_answer,[SYNTHETIC judge rationale],SYNTHETIC-judge,synth_0038__english
synth_0038,[SYNTHETIC hindi sentiment prompt],[SYNTHETIC answer],direct_answer,[SYNTHETIC judge rationale],SYNTHETIC-judge,synth_0038__hindi
synth_0038,[SYNTHETIC hinglish sentiment prompt],[SYNTHETIC answer],direct_answer,[SYNTHETIC judge rationale],SYNTHETIC-judge,synth_0038__hinglish
synth_0039,[SYNTHETIC english sentiment prompt],[SYNTHETIC answer],direct_answer,[SYNTHETIC judge rationale],SYNTHETIC-judge,synth_0039__english
synth_0039,[SYNTHETIC hindi sentiment prompt],[SYNTHETIC answer],direct_answer,[SYNTHETIC judge rationale],SYNTHETIC-judge,synth_0039__hindi
synth_0039,[SYNTHETIC hinglish sentiment prompt],[SYNTHETIC answer],direct_answer,[SYNTHETIC judge rationale],SYNTHETIC-judge,synth_0039__hinglish
synth_0040,[SYNTHETIC english sentiment prompt],[SYNTHETIC answer],direct_answer,[SYNTHETIC judge rationale],SYNTHETIC-judge,synth_0040__english
synth_0040,[SYNTHETIC hindi sentiment prompt],[SYNTHETIC refusal],indirect_refusal,[SYNTHETIC judge rationale],SYNTHETIC-judge,synth_0040__hindi
synth_0040,[SYNTHETIC hinglish sentiment prompt],[SYNTHETIC answer],direct_answer,[SYNTHETIC judge rationale],SYNTHETIC-judge,synth_0040__hinglish
synth_0041,[SYNTHETIC english sentiment prompt],[SYNTHETIC answer],direct_answer,[SYNTHETIC judge rationale],SYNTHETIC-judge,synth_0041__english
synth_0041,[SYNTHETIC hindi sentiment prompt],[SYNTHETIC answer],direct_answer,[SYNTHETIC judge rationale],SYNTHETIC-judge,synth_0041__hindi
synth_0041,[SYNTHETIC hinglish sentiment prompt],[SYNTHETIC answer],direct_answer,[SYNTHETIC judge rationale],SYNTHETIC-judge,synth_0041__hinglish
synth_0042,[SYNTHETIC english sentiment prompt],[SYNTHETIC answer],direct_answer,[SYNTHETIC judge rationale],SYNTHETIC-judge,synth_0042__english
synth_0042,[SYNTHETIC hindi sentiment prompt],[SYNTHETIC refusal],indirect_refusal,[SYNTHETIC judge rationale],SYNTHETIC-judge,synth_0042__hindi
synth_0042,[SYNTHETIC hinglish sentiment prompt],[SYNTHETIC answer],direct_answer,[SYNTHETIC judge rationale],SYNTHETIC-judge,synth_0042__hinglish
synth_0043,[SYNTHETIC english sentiment prompt],[SYNTHETIC answer],direct_answer,[SYNTHETIC judge rationale],SYNTHETIC-judge,synth_0043__english
synth_0043,[SYNTHETIC hindi sentiment prompt],[SYNTHETIC answer],direct_answer,[SYNTHETIC judge rationale],SYNTHETIC-judge,synth_0043__hindi
synth_0043,[SYNTHETIC hinglish sentiment prompt],[SYNTHETIC answer],direct_answer,[SYNTHETIC judge rationale],SYNTHETIC-judge,synth_0043__hinglish
synth_0044,[SYNTHETIC english sentiment prompt],[SYNTHETIC answer],direct_answer,[SYNTHETIC judge rationale],SYNTHETIC-judge,synth_0044__english
synth_0044,[SYNTHETIC hindi sentiment prompt],[SYNTHETIC answer],direct_answer,[SYNTHETIC judge rationale],SYNTHETIC-judge,synth_0044__hindi
synth_0044,[SYNTHETIC hinglish sentiment prompt],[SYNTHETIC answer],direct_answer,[SYNTHETIC judge rationale],SYNTHETIC-judge,synth_0044__hinglish
synth_0045,[SYNTHETIC english sentiment prompt],[SYNTHETIC answer],direct_answer,[SYNTHETIC judge rationale],SYNTHETIC-judge,synth_0045__english
synth_0045,[SYNTHETIC hindi sentiment prompt],[SYNTHETIC answer],direct_answer,[SYNTHETIC judge rationale],SYNTHETIC-judge,synth_0045__hindi
synth_0045,[SYNTHETIC hinglish sentiment prompt],[SYNTHETIC answer],direct_answer,[SYNTHETIC judge rationale],SYNTHETIC-judge,synth_0045__hinglish
synth_0046,[SYNTHETIC english sentiment prompt],[SYNTHETIC answer],direct_answer,[SYNTHETIC judge rationale],SYNTHETIC-judge,synth_0046__english
synth_0046,[SYNTHETIC hindi sentiment prompt],[SYNTHETIC answer],direct_answer,[SYNTHETIC judge rationale],SYNTHETIC-judge,synth_0046__hindi
synth_0046,[SYNTHETIC hinglish sentiment prompt],[SYNTHETIC answer],direct_answer,[SYNTHETIC judge rationale],SYNTHETIC-judge,synth_0046__hinglish
synth_0047,[SYNTHETIC english sentiment prompt],[SYNTHETIC answer],direct_answer,[SYNTHETIC judge rationale],SYNTHETIC-judge,synth_0047__english
synth_0047,[SYNTHETIC hindi sentiment prompt],[SYNTHETIC answer],direct_answer,[SYNTHETIC judge rationale],SYNTHETIC-judge,synth_0047__hindi
synth_0047,[SYNTHETIC hinglish sentiment prompt],[SYNTHETIC answer],direct_answer,[SYNTHETIC judge rationale],SYNTHETIC-judge,synth_0047__hinglish
